,geo,affgeoid,PubTrans_16,MeanTime_16,UnempRate_16,OnlyHighSchool_16,OnlyBachelors_16,OnlyGraduate_16,VacancyPercent_16,RentalVacancyRate_16,MedianValue_16,RentMedian_16,MedianIncome_16,Median_income,LogUnempRate_16,LogRentalVacancy_16,LogVacancyRate_16,LogGraduate_16,LogBachelors_16,LogPubTrans_16,LogMedianValue_16
1,"Census Tract 201, Hawaii County, Hawaii",15001020100,5.9,28.5,4.2,31.6,22.4,9.6,21.3,9.5,265600,968,47554,NA,1.435084525,2.251291799,3.058707073,2.261763098,3.109060959,1.774952351,12.4897467
2,"Census Tract 202.02, Hawaii County, Hawaii",15001020202,1.00E-05,15.1,9.1,33.6,11.7,9.5,11.7,17.1,261400,1074,31875,NA,2.208274414,2.839078464,2.459588842,2.251291799,2.459588842,-11.51292546,12.47380708
3,"Census Tract 203, Hawaii County, Hawaii",15001020300,1.1,15.8,7,33.2,18.5,11.4,23.3,10.4,277000,814,37969,NA,1.945910149,2.341805806,3.148453361,2.433613355,2.917770732,0.09531018,12.53177279
4,"Census Tract 204, Hawaii County, Hawaii",15001020400,1.8,16.9,9,34.8,16.3,6.9,17.7,19.7,227600,856,28493,NA,2.197224577,2.980618636,2.87356464,1.931521412,2.791165108,0.587786665,12.33534498
5,"Census Tract 205, Hawaii County, Hawaii",15001020500,1.00E-05,15.5,10,28.1,19.7,6.1,16.7,6.8,302700,768,22903,NA,2.302585093,1.916922612,2.815408719,1.808288771,2.980618636,-11.51292546,12.6204975
6,"Census Tract 206, Hawaii County, Hawaii",15001020600,1.5,19.4,10.1,37.7,18.6,3.7,13.5,10.8,223400,1236,57941,NA,2.312535424,2.379546134,2.602689685,1.30833282,2.923161581,0.405465108,12.31671917
7,"Census Tract 207.01, Hawaii County, Hawaii",15001020701,1.00E-05,15.1,6.1,30.4,21.3,10.5,12.2,1.00E-05,296800,1068,49368,NA,1.808288771,-11.51292546,2.501435952,2.351375257,3.058707073,-11.51292546,12.60081379
8,"Census Tract 207.02, Hawaii County, Hawaii",15001020702,1.1,20.2,3.2,24.6,30.5,7.2,3.5,1.00E-05,300800,1507,69571,NA,1.16315081,-11.51292546,1.252762968,1.974081026,3.417726684,0.09531018,12.61420087
9,"Census Tract 208.01, Hawaii County, Hawaii",15001020801,0.6,20.9,2.8,24.3,23.2,14.1,4.1,7.3,294000,1339,74112,NA,1.029619417,1.987874348,1.410986974,2.646174797,3.144152279,-0.510825624,12.59133505
10,"Census Tract 208.02, Hawaii County, Hawaii",15001020802,0.6,18.4,5.7,33,17.4,17.2,12.4,1.00E-05,353300,1135,63750,NA,1.740466175,-11.51292546,2.517696473,2.844909384,2.856470206,-0.510825624,12.77507283
11,"Census Tract 209, Hawaii County, Hawaii",15001020900,1.00E-05,16.7,2,25.3,23.7,12.9,9.8,11.1,365700,1270,67017,NA,0.693147181,2.406945108,2.282382386,2.557227311,3.165475048,-11.51292546,12.8095686
12,"Census Tract 210.03, Hawaii County, Hawaii",15001021003,1.1,32.5,14.3,40.5,9.8,5.9,9.7,2.6,171000,1004,32199,NA,2.660259537,0.955511445,2.272125886,1.774952351,2.282382386,0.09531018,12.04941884
13,"Census Tract 210.05, Hawaii County, Hawaii",15001021005,0.4,31.8,3.3,30.8,22.4,7.1,11.7,4.6,244400,1123,46489,NA,1.193922468,1.526056303,2.459588842,1.960094784,3.109060959,-0.916290732,12.40656151
14,"Census Tract 210.10, Hawaii County, Hawaii",15001021010,1.00E-05,31,10,35.7,11.9,7.9,23.7,6.5,177500,1003,30378,NA,2.302585093,1.871802177,3.165475048,2.066862759,2.4765384,-11.51292546,12.08672589
15,"Census Tract 210.11, Hawaii County, Hawaii",15001021011,1.8,34,2.9,31.9,10.9,21.8,25.8,9.2,200400,1125,44227,NA,1.064710737,2.219203484,3.250374492,3.08190997,2.388762789,0.587786665,12.20807065
16,"Census Tract 210.13, Hawaii County, Hawaii",15001021013,3.9,27.5,8.5,33.8,14.7,5.1,9.6,0.6,283500,1125,51329,NA,2.140066163,-0.510825624,2.261763098,1.62924054,2.687847494,1.360976553,12.5549674
17,"Census Tract 211.01, Hawaii County, Hawaii",15001021101,1.00E-05,34.1,14.4,24.7,23.6,14,26.8,3.9,227300,941,27736,NA,2.667228207,1.360976553,3.288401888,2.63905733,3.161246712,-11.51292546,12.33402601
18,"Census Tract 211.06, Hawaii County, Hawaii",15001021106,3.2,32.1,18.9,33.3,10.5,9.8,24.1,5.6,190500,1088,28149,NA,2.939161922,1.722766598,3.18221184,2.282382386,2.351375257,1.16315081,12.15740747
19,"Census Tract 212.02, Hawaii County, Hawaii",15001021202,6.2,42.7,12.1,39.6,11.2,3.7,31.6,9.5,156700,942,40465,NA,2.493205453,2.251291799,3.453157121,1.30833282,2.415913778,1.824549292,11.96208843
20,"Census Tract 213, Hawaii County, Hawaii",15001021300,0.8,34.5,6.5,32,15.4,13,18.4,2.8,446500,1313,50953,NA,1.871802177,1.029619417,2.912350665,2.564949357,2.734367509,-0.223143551,13.00919468
21,"Census Tract 214.02, Hawaii County, Hawaii",15001021402,1.00E-05,25.9,4,34.6,17.8,6.6,13,7.1,401900,838,60750,NA,1.386294361,1.960094784,2.564949357,1.887069649,2.879198457,-11.51292546,12.90395858
22,"Census Tract 215.02, Hawaii County, Hawaii",15001021502,1.00E-05,22.2,13.1,29.9,14.5,8.6,17.2,8.2,678800,1110,63783,NA,2.57261223,2.104134154,2.844909384,2.151762203,2.674148649,-11.51292546,13.42808181
23,"Census Tract 215.04, Hawaii County, Hawaii",15001021504,0.6,17.8,7.2,37.2,10.5,3.5,12.4,9.9,350000,1137,63497,NA,1.974081026,2.292534757,2.517696473,1.252762968,2.351375257,-0.510825624,12.76568843
24,"Census Tract 215.07, Hawaii County, Hawaii",15001021507,1.00E-05,21.4,5.1,32.2,23.7,8.6,19.3,12.1,474300,1240,68333,NA,1.62924054,2.493205453,2.960105096,2.151762203,3.165475048,-11.51292546,13.06959531
25,"Census Tract 215.09, Hawaii County, Hawaii",15001021509,1.5,25.1,5.2,23.4,22.5,16.1,45.2,34.6,471000,1254,66771,NA,1.648658626,3.543853682,3.811097087,2.778819272,3.113515309,0.405465108,13.06261337
26,"Census Tract 216.01, Hawaii County, Hawaii",15001021601,0.8,15.2,7.2,35.8,19,10.2,26,13.7,431800,1127,60420,NA,1.974081026,2.617395833,3.258096538,2.32238772,2.944438979,-0.223143551,12.9757178
27,"Census Tract 216.04, Hawaii County, Hawaii",15001021604,0.7,19.5,7.8,22.4,24.5,10,35.9,22.9,457700,1608,72893,NA,2.054123734,3.131136911,3.580737295,2.302585093,3.198673118,-0.356674944,13.03396923
28,"Census Tract 217.02, Hawaii County, Hawaii",15001021702,1.6,31.8,6.9,29.8,17.3,11.5,13.9,1.00E-05,386900,1466,66842,NA,1.931521412,-11.51292546,2.63188884,2.442347035,2.850706502,0.470003629,12.86592154
29,"Census Tract 217.04, Hawaii County, Hawaii",15001021704,0.3,27.3,5.8,19.1,25.4,12.7,51.3,36.2,405300,1491,74138,NA,1.757857918,3.589059119,3.937690752,2.541601993,3.234749174,-1.203972804,12.91238281
30,"Census Tract 218, Hawaii County, Hawaii",15001021800,1.7,32.3,6.2,38.9,17.4,5,22,6.2,365800,1042,67614,NA,1.824549292,1.824549292,3.091042453,1.609437912,2.856470206,0.530628251,12.80984201
31,"Census Tract 219.02, Hawaii County, Hawaii",15001021902,5.2,37.7,6.7,42.8,11.1,5.5,16.7,3.4,362100,855,59939,NA,1.902107526,1.223775432,2.815408719,1.704748092,2.406945108,1.648658626,12.7996757
32,"Census Tract 220, Hawaii County, Hawaii",15001022000,3.2,39.3,5.8,34.8,13.4,7.5,19,1.00E-05,305400,1185,60231,NA,1.757857918,-11.51292546,2.944438979,2.014903021,2.595254707,1.16315081,12.62937767
33,"Census Tract 221.02, Hawaii County, Hawaii",15001022102,8.3,45.3,10.9,28.2,16.6,6.9,32.7,14,287500,810,45234,NA,2.388762789,2.63905733,3.487375078,1.931521412,2.809402695,2.116255515,12.56897814
34,"Census Tract 9900, Hawaii County, Hawaii",15001990000,NA,NA,NA,NA,NA,NA,NA,NA,NA,NA,NA,NA,NA,NA,NA,NA,NA,NA,NA
35,"Census Tract 9901, Hawaii County, Hawaii",15001990100,NA,NA,NA,NA,NA,NA,NA,NA,NA,NA,NA,NA,NA,NA,NA,NA,NA,NA,NA
36,"Census Tract 9903, Hawaii County, Hawaii",15001990300,NA,NA,NA,NA,NA,NA,NA,NA,NA,NA,NA,NA,NA,NA,NA,NA,NA,NA,NA
37,"Census Tract 9904, Hawaii County, Hawaii",15001990400,NA,NA,NA,NA,NA,NA,NA,NA,NA,NA,NA,NA,NA,NA,NA,NA,NA,NA,NA
38,"Census Tract 9905, Hawaii County, Hawaii",15001990500,NA,NA,NA,NA,NA,NA,NA,NA,NA,NA,NA,NA,NA,NA,NA,NA,NA,NA,NA
39,"Census Tract 9906, Hawaii County, Hawaii",15001990600,NA,NA,NA,NA,NA,NA,NA,NA,NA,NA,NA,NA,NA,NA,NA,NA,NA,NA,NA
40,"Census Tract 9907, Hawaii County, Hawaii",15001990700,NA,NA,NA,NA,NA,NA,NA,NA,NA,NA,NA,NA,NA,NA,NA,NA,NA,NA,NA
41,"Census Tract 9908, Hawaii County, Hawaii",15001990800,NA,NA,NA,NA,NA,NA,NA,NA,NA,NA,NA,NA,NA,NA,NA,NA,NA,NA,NA
42,"Census Tract 9909, Hawaii County, Hawaii",15001990900,NA,NA,NA,NA,NA,NA,NA,NA,NA,NA,NA,NA,NA,NA,NA,NA,NA,NA,NA
43,"Census Tract 9910, Hawaii County, Hawaii",15001991000,NA,NA,NA,NA,NA,NA,NA,NA,NA,NA,NA,NA,NA,NA,NA,NA,NA,NA,NA
44,"Census Tract 9911, Hawaii County, Hawaii",15001991100,NA,NA,NA,NA,NA,NA,NA,NA,NA,NA,NA,NA,NA,NA,NA,NA,NA,NA,NA
45,"Census Tract 9912, Hawaii County, Hawaii",15001991200,NA,NA,NA,NA,NA,NA,NA,NA,NA,NA,NA,NA,NA,NA,NA,NA,NA,NA,NA
46,"Census Tract 9913, Hawaii County, Hawaii",15001991300,NA,NA,NA,NA,NA,NA,NA,NA,NA,NA,NA,NA,NA,NA,NA,NA,NA,NA,NA
47,"Census Tract 9914, Hawaii County, Hawaii",15001991400,NA,NA,NA,NA,NA,NA,NA,NA,NA,NA,NA,NA,NA,NA,NA,NA,NA,NA,NA
48,"Census Tract 9915, Hawaii County, Hawaii",15001991500,NA,NA,NA,NA,NA,NA,NA,NA,NA,NA,NA,NA,NA,NA,NA,NA,NA,NA,NA
49,"Census Tract 9916, Hawaii County, Hawaii",15001991600,NA,NA,NA,NA,NA,NA,NA,NA,NA,NA,NA,NA,NA,NA,NA,NA,NA,NA,NA
50,"Census Tract 9917, Hawaii County, Hawaii",15001991700,NA,NA,NA,NA,NA,NA,NA,NA,NA,NA,NA,NA,NA,NA,NA,NA,NA,NA,NA
51,"Census Tract 1.06, Honolulu County, Hawaii",15003000106,4.3,34.2,5.1,14.1,32.7,25.9,7.1,5.1,678300,2154,100991,100991,1.62924054,1.62924054,1.960094784,3.254242969,3.487375078,1.458615023,13.42734495
52,"Census Tract 1.07, Honolulu County, Hawaii",15003000107,1.4,32.6,1.6,13.2,34.2,20.9,5,10.9,831700,2462,117813,117813,0.470003629,2.388762789,1.609437912,3.039749159,3.532225644,0.336472237,13.63122708
53,"Census Tract 1.08, Honolulu County, Hawaii",15003000108,5,31.1,4.2,13.7,27.9,27,8.8,1.00E-05,852300,3365,103857,103857,1.435084525,-11.51292546,2.174751721,3.295836866,3.328626689,1.609437912,13.65569386
54,"Census Tract 1.10, Honolulu County, Hawaii",15003000110,1.7,38.8,4.6,16.1,30.5,22.5,3.7,1.00E-05,830100,2985,123929,123929,1.526056303,-11.51292546,1.30833282,3.113515309,3.417726684,0.530628251,13.62930145
55,"Census Tract 1.11, Honolulu County, Hawaii",15003000111,3,34.3,0.6,17.7,31.7,17.4,0.6,1.00E-05,825400,NA,124444,124444,-0.510825624,-11.51292546,-0.510825624,2.856470206,3.456316681,1.098612289,13.6236234
56,"Census Tract 1.12, Honolulu County, Hawaii",15003000112,2.2,33.9,3.8,22,25.2,24.3,9.3,1.00E-05,709700,3057,101855,101855,1.335001067,-11.51292546,2.2300144,3.19047635,3.226843995,0.78845736,13.47259762
57,"Census Tract 1.14, Honolulu County, Hawaii",15003000114,1,31,4.2,7,37.3,34.4,23.2,1.00E-05,1519400,3393,146042,146042,1.435084525,-11.51292546,3.144152279,3.538056564,3.618993327,0,14.23382608
58,"Census Tract 2, Honolulu County, Hawaii",15003000200,3.3,29.1,0.6,17,30.6,23.1,9.5,1.00E-05,849600,2404,114481,114481,-0.510825624,-11.51292546,2.251291799,3.139832618,3.421000009,1.193922468,13.65252093
59,"Census Tract 3.01, Honolulu County, Hawaii",15003000301,1.3,26.8,2.7,15.6,33,22.9,14.1,1.00E-05,1025500,2438,118229,118229,0.993251773,-11.51292546,2.646174797,3.131136911,3.496507561,0.262364264,13.84069086
60,"Census Tract 3.02, Honolulu County, Hawaii",15003000302,4.8,26.5,2,19.8,27.6,20.5,5.5,1.00E-05,942700,1667,113875,113875,0.693147181,-11.51292546,1.704748092,3.020424886,3.317815773,1.568615918,13.75650338
61,"Census Tract 4.01, Honolulu County, Hawaii",15003000401,1.6,26.7,1.8,12.5,33,31.2,4.4,9.1,948300,2466,123047,123047,0.587786665,2.208274414,1.481604541,3.440418095,3.496507561,0.470003629,13.76242619
62,"Census Tract 4.02, Honolulu County, Hawaii",15003000402,0.5,26.5,0.5,9.6,35.6,33.6,10.3,1.00E-05,1331800,NA,157708,157708,-0.693147181,-11.51292546,2.332143895,3.514526067,3.572345638,-0.693147181,14.10204197
63,"Census Tract 5, Honolulu County, Hawaii",15003000500,3.3,27,1.5,13.7,33.3,28.7,20.5,17.1,1632400,3325,121544,121544,0.405465108,2.839078464,3.020424886,3.356897123,3.505557397,1.193922468,14.30556188
64,"Census Tract 6, Honolulu County, Hawaii",15003000600,1,30.1,5.8,9,37.6,30,14.2,1.00E-05,NA,3094,141563,141563,1.757857918,-11.51292546,2.653241965,3.401197382,3.62700405,0,NA
65,"Census Tract 7, Honolulu County, Hawaii",15003000700,4.6,21.1,3.8,29.1,26.1,13.5,9.6,1.00E-05,863500,1910,88681,88681,1.335001067,-11.51292546,2.261763098,2.602689685,3.261935314,1.526056303,13.66874918
66,"Census Tract 8, Honolulu County, Hawaii",15003000800,4.7,22.5,2.2,26.7,31.8,15.4,12.1,6.4,880400,1530,91838,91838,0.78845736,1.85629799,2.493205453,2.734367509,3.45946629,1.547562509,13.68813163
67,"Census Tract 9.01, Honolulu County, Hawaii",15003000901,5.5,23.1,4.2,20.1,27.8,16.7,6.9,5.7,626800,2098,71875,71875,1.435084525,1.740466175,1.931521412,2.815408719,3.325036021,1.704748092,13.34838279
68,"Census Tract 9.02, Honolulu County, Hawaii",15003000902,3.2,23.7,3.6,18.1,33.9,22.6,14.4,9.2,946700,1961,114375,114375,1.280933845,2.219203484,2.667228207,3.117949906,3.523415014,1.16315081,13.76073753
69,"Census Tract 9.03, Honolulu County, Hawaii",15003000903,3.3,21.6,1.7,22.8,34,15.5,11.4,4,861800,1677,80793,80793,0.530628251,1.386294361,2.433613355,2.740840024,3.526360525,1.193922468,13.6667785
70,"Census Tract 10, Honolulu County, Hawaii",15003001000,2,26.7,3.7,25.4,15.7,17.9,9.6,6.5,650500,1676,81286,81286,1.30833282,1.871802177,2.261763098,2.884800713,2.753660712,0.693147181,13.38549658
71,"Census Tract 11, Honolulu County, Hawaii",15003001100,9.3,30.5,6.5,30.6,23.1,5.8,1.1,1.00E-05,634900,1025,56591,56591,1.871802177,-11.51292546,0.09531018,1.757857918,3.139832618,2.2300144,13.36122279
72,"Census Tract 12.01, Honolulu County, Hawaii",15003001201,9,24.8,2.8,26.9,23.8,9.2,18,18.8,752700,1427,83042,83042,1.029619417,2.93385687,2.890371758,2.219203484,3.169685581,2.197224577,13.53142202
73,"Census Tract 12.02, Honolulu County, Hawaii",15003001202,1.6,22,3.9,25.1,21.8,11.1,13.2,10.8,724800,1440,88510,88510,1.360976553,2.379546134,2.58021683,2.406945108,3.08190997,0.470003629,13.49365103
74,"Census Tract 13, Honolulu County, Hawaii",15003001300,8.3,21.5,2.6,25.5,23.1,13.7,3.8,1.00E-05,760200,1362,66786,66786,0.955511445,-11.51292546,1.335001067,2.617395833,3.139832618,2.116255515,13.54133684
75,"Census Tract 14, Honolulu County, Hawaii",15003001400,6.7,23.2,5,18.8,28.4,17.5,3.2,1.00E-05,834900,1909,93553,93553,1.609437912,-11.51292546,1.16315081,2.862200881,3.346389145,1.902107526,13.63506724
76,"Census Tract 15, Honolulu County, Hawaii",15003001500,4.3,21.1,3.6,19.9,23.6,10.9,11.5,7,819300,1397,83542,83542,1.280933845,1.945910149,2.442347035,2.388762789,3.161246712,1.458615023,13.6162056
77,"Census Tract 16, Honolulu County, Hawaii",15003001600,6,20.6,3.5,28.4,22.5,12,13.8,1.00E-05,777900,1891,63689,63689,1.252762968,-11.51292546,2.624668592,2.48490665,3.113515309,1.791759469,13.56435326
78,"Census Tract 17, Honolulu County, Hawaii",15003001700,7,22.3,4.2,10.7,35.7,32.3,37.9,18.9,702200,1864,77169,77169,1.435084525,2.939161922,3.634951112,3.47506723,3.575150689,1.945910149,13.46197354
79,"Census Tract 18.01, Honolulu County, Hawaii",15003001801,16.2,23,2.4,15.8,28.7,10.5,44.6,28.6,429200,1124,40398,40398,0.875468737,3.353406718,3.797733859,2.351375257,3.356897123,2.785011242,12.96967829
80,"Census Tract 18.03, Honolulu County, Hawaii",15003001803,17.9,21.1,3.2,22.5,25.1,14.1,28,10.2,338800,1136,48059,48059,1.16315081,2.32238772,3.33220451,2.646174797,3.222867846,2.884800713,12.73316524
81,"Census Tract 18.04, Honolulu County, Hawaii",15003001804,20.4,19.6,1.4,18.1,31.1,23.4,37.1,14.1,407800,1477,63281,63281,0.336472237,2.646174797,3.61361697,3.152736022,3.437207819,3.015534901,12.91853214
82,"Census Tract 19.01, Honolulu County, Hawaii",15003001901,13.3,14.2,12.3,22.3,11.7,12.1,88.7,72,508100,1199,56625,56625,2.509599262,4.276666119,4.485259889,2.493205453,2.459588842,2.587764035,13.13843356
83,"Census Tract 19.03, Honolulu County, Hawaii",15003001903,7.2,21.7,5.8,15.2,29,16.9,23.3,7.4,533800,1756,68491,68491,1.757857918,2.00148,3.148453361,2.827313622,3.36729583,1.974081026,13.18777652
84,"Census Tract 19.04, Honolulu County, Hawaii",15003001904,16.5,22.5,3.7,12.8,33.3,19.1,45.6,24.2,381600,1688,66875,66875,1.30833282,3.186352633,3.819907717,2.949688335,3.505557397,2.803360381,12.85212822
85,"Census Tract 20.03, Honolulu County, Hawaii",15003002003,11.8,22.1,3.2,17,28.4,14.1,48.6,29,325000,1422,55843,55843,1.16315081,3.36729583,3.883623531,2.646174797,3.346389145,2.468099531,12.69158046
86,"Census Tract 20.04, Honolulu County, Hawaii",15003002004,10.4,23.2,6.3,18.4,25.2,6.1,26.6,8.7,380200,1370,42439,42439,1.840549633,2.163323026,3.280911216,1.808288771,3.226843995,2.341805806,12.84845271
87,"Census Tract 20.05, Honolulu County, Hawaii",15003002005,13.5,22.1,6.1,17.5,27.1,13.1,33.3,15.2,433100,1162,48582,48582,1.808288771,2.721295428,3.505557397,2.57261223,3.299533728,2.602689685,12.97872393
88,"Census Tract 20.06, Honolulu County, Hawaii",15003002006,9.2,19.1,3.4,20.1,29.5,17.4,43.6,26.7,337600,1484,56411,56411,1.223775432,3.284663565,3.77505715,2.856470206,3.384390263,2.219203484,12.72961704
89,"Census Tract 21, Honolulu County, Hawaii",15003002100,14.5,25.5,4.5,25.7,25.1,3.1,7.8,3.5,377100,1286,50458,50458,1.504077397,1.252762968,2.054123734,1.131402111,3.222867846,2.674148649,12.84026568
90,"Census Tract 22.01, Honolulu County, Hawaii",15003002201,10.6,20.5,1.9,20.5,30.2,8.4,15.7,14.5,373500,1279,47457,47457,0.641853886,2.674148649,2.753660712,2.128231706,3.407841924,2.360854001,12.83067328
91,"Census Tract 22.02, Honolulu County, Hawaii",15003002202,10.3,24.1,3.3,15.8,31.3,15.1,11.2,7.4,467500,1660,67750,67750,1.193922468,2.00148,2.415913778,2.714694744,3.443618098,2.332143895,13.05515463
92,"Census Tract 23, Honolulu County, Hawaii",15003002300,14.6,21.9,4.3,29.4,21.5,12.3,12.5,7.2,334100,1226,46078,46078,1.458615023,1.974081026,2.525728644,2.509599262,3.068052935,2.681021529,12.71919563
93,"Census Tract 24.01, Honolulu County, Hawaii",15003002401,15.1,23,5.5,27.8,22,6.3,5,0.8,411200,1236,43472,43472,1.704748092,-0.223143551,1.609437912,1.840549633,3.091042453,2.714694744,12.92683499
94,"Census Tract 24.02, Honolulu County, Hawaii",15003002402,14.2,22.2,5.1,25,19.3,12,7.6,7,362500,1183,50357,50357,1.62924054,1.945910149,2.028148247,2.48490665,2.960105096,2.653241965,12.80077975
95,"Census Tract 25, Honolulu County, Hawaii",15003002500,12.9,18.7,1.6,33.6,13.6,11.6,6.8,6,334600,1163,36526,36526,0.470003629,1.791759469,1.916922612,2.451005098,2.610069793,2.557227311,12.72069107
96,"Census Tract 26, Honolulu County, Hawaii",15003002600,15.2,21.3,3.9,30,24.6,10.3,13.5,8.5,352600,1165,45656,45656,1.360976553,2.140066163,2.602689685,2.332143895,3.202746443,2.721295428,12.77308955
97,"Census Tract 27.01, Honolulu County, Hawaii",15003002701,12.7,20.3,8,19.2,22,25.1,17.5,4,838800,1246,54659,54659,2.079441542,1.386294361,2.862200881,3.222867846,3.091042453,2.541601993,13.63972758
98,"Census Tract 27.02, Honolulu County, Hawaii",15003002702,12.6,22.5,7.7,22.2,29,13.9,8.3,9,528300,1384,60189,60189,2.041220329,2.197224577,2.116255515,2.63188884,3.36729583,2.533696814,13.17741958
99,"Census Tract 28, Honolulu County, Hawaii",15003002800,6.3,22.5,1.8,12,33.8,28.6,6.1,2.9,845300,2248,102132,102132,0.587786665,1.064710737,1.808288771,3.353406718,3.520460802,1.840549633,13.64744687
100,"Census Tract 29, Honolulu County, Hawaii",15003002900,4.5,19.4,1.7,14.6,25.1,47.1,4.1,2.3,973100,1369,97644,97644,0.530628251,0.832909123,1.410986974,3.852273001,3.222867846,1.504077397,13.78824213
101,"Census Tract 30, Honolulu County, Hawaii",15003003000,2.8,20.1,3,13.8,29.8,34.2,6.3,6.3,1090500,1371,119688,119688,1.098612289,1.840549633,1.840549633,3.532225644,3.394508394,1.029619417,13.90214686
102,"Census Tract 31.01, Honolulu County, Hawaii",15003003101,3,22.9,1.8,16.1,34.2,24.1,3.1,1.00E-05,961300,1458,108550,108550,0.587786665,-11.51292546,1.131402111,3.18221184,3.532225644,1.098612289,13.77604181
103,"Census Tract 31.02, Honolulu County, Hawaii",15003003102,1.7,21.5,2,16.2,30.2,29.9,4.6,1.00E-05,989100,2459,110156,110156,0.693147181,-11.51292546,1.526056303,3.39785848,3.407841924,0.530628251,13.80455072
104,"Census Tract 32, Honolulu County, Hawaii",15003003200,1.00E-05,20.2,2.9,13.2,34.1,30.9,10.6,1.00E-05,1109400,NA,114643,114643,1.064710737,-11.51292546,2.360854001,3.430756184,3.529297384,-11.51292546,13.91932989
105,"Census Tract 33, Honolulu County, Hawaii",15003003300,1.9,21.1,4.3,19.8,26.5,22.9,5,1.00E-05,NA,1725,118594,118594,1.458615023,-11.51292546,1.609437912,3.131136911,3.277144733,0.641853886,13.81551056
106,"Census Tract 34.03, Honolulu County, Hawaii",15003003403,8.8,17.9,6,20.1,20.5,19.8,6.3,3.2,350000,1282,68846,68846,1.791759469,1.16315081,1.840549633,2.985681938,3.020424886,2.174751721,12.76568843
107,"Census Tract 34.04, Honolulu County, Hawaii",15003003404,10.9,19.7,4.8,26.2,27,17.8,8.3,3.3,394400,1393,64070,64070,1.568615918,1.193922468,2.116255515,2.879198457,3.295836866,2.388762789,12.8851209
108,"Census Tract 34.05, Honolulu County, Hawaii",15003003405,15.6,20.5,3.9,18,28.2,21.2,7.7,1.00E-05,355500,1200,45432,45432,1.360976553,-11.51292546,2.041220329,3.054001182,3.339321978,2.747270914,12.78128053
109,"Census Tract 34.06, Honolulu County, Hawaii",15003003406,15.9,23.7,8.8,28.3,23.4,13,9.9,6.3,328200,1260,51468,51468,2.174751721,1.840549633,2.292534757,2.564949357,3.152736022,2.766319109,12.70137846
110,"Census Tract 34.07, Honolulu County, Hawaii",15003003407,5.5,17.7,1.00E-05,22.7,18.5,35,15,9.3,496500,3046,55938,55938,-11.51292546,2.2300144,2.708050201,3.555348061,2.917770732,1.704748092,13.11533876
111,"Census Tract 35.01, Honolulu County, Hawaii",15003003501,11.5,19.2,3.1,18.6,35.7,11.2,10.5,6.3,303700,1270,54635,54635,1.131402111,1.840549633,2.351375257,2.415913778,3.575150689,2.442347035,12.62379565
112,"Census Tract 35.02, Honolulu County, Hawaii",15003003502,20.9,20.3,2.3,26.7,22.1,8.8,6.3,2,448700,1112,44782,44782,0.832909123,0.693147181,1.840549633,2.174751721,3.095577609,3.039749159,13.01410979
113,"Census Tract 36.01, Honolulu County, Hawaii",15003003601,7.6,21.1,1.3,20.7,25.3,12.3,22.1,10.2,634600,1191,56023,56023,0.262364264,2.32238772,3.095577609,2.509599262,3.230804396,2.028148247,13.36075016
114,"Census Tract 36.03, Honolulu County, Hawaii",15003003603,18.4,18.7,7.9,28.7,22.5,5.8,10,1.00E-05,316800,1023,26547,26547,2.066862759,-11.51292546,2.302585093,1.757857918,3.113515309,2.912350665,12.66602594
115,"Census Tract 36.04, Honolulu County, Hawaii",15003003604,16,20,4.1,19.1,35.9,9.8,18.5,9.8,353300,1261,45352,45352,1.410986974,2.282382386,2.917770732,2.282382386,3.580737295,2.772588722,12.77507283
116,"Census Tract 37, Honolulu County, Hawaii",15003003700,12.5,22,2,10.6,39.7,30.8,27.8,8,651000,2228,79435,79435,0.693147181,2.079441542,3.325036021,3.42751469,3.681351188,2.525728644,13.38626492
117,"Census Tract 38, Honolulu County, Hawaii",15003003800,10.2,20.9,2.8,17.1,35.2,16.5,13.4,4.6,581000,1323,63889,63889,1.029619417,1.526056303,2.595254707,2.803360381,3.561046083,2.32238772,13.27250604
118,"Census Tract 39, Honolulu County, Hawaii",15003003900,20.3,24.5,6.3,26.9,23.4,7.7,1.7,1.00E-05,337500,601,25774,25774,1.840549633,-11.51292546,0.530628251,2.041220329,3.152736022,3.010620886,12.72932079
119,"Census Tract 40, Honolulu County, Hawaii",15003004000,11.9,17.6,9.2,16.1,36.7,24,31.3,22,439300,1457,85729,85729,2.219203484,3.091042453,3.443618098,3.17805383,3.602776755,2.4765384,12.99293783
120,"Census Tract 41, Honolulu County, Hawaii",15003004100,16.5,22.6,1.4,21.2,24.3,9,9.9,8.7,335600,1080,51493,51493,0.336472237,2.163323026,2.292534757,2.197224577,3.19047635,2.803360381,12.72367525
121,"Census Tract 42, Honolulu County, Hawaii",15003004200,12.5,23.5,2.4,17.7,27.1,25.9,9.6,5.1,399000,1447,71780,71780,0.875468737,1.62924054,2.261763098,3.254242969,3.299533728,2.525728644,12.8967167
122,"Census Tract 43, Honolulu County, Hawaii",15003004300,15.6,23.7,3.4,15.5,23.2,19.7,11.3,7.9,516400,1167,61408,61408,1.223775432,2.066862759,2.424802726,2.980618636,3.144152279,2.747270914,13.15463694
123,"Census Tract 44, Honolulu County, Hawaii",15003004400,9,22.7,4.9,35.1,22,7.7,6,1.00E-05,649100,1423,96900,96900,1.589235205,-11.51292546,1.791759469,2.041220329,3.091042453,2.197224577,13.38334207
124,"Census Tract 45, Honolulu County, Hawaii",15003004500,4.1,22.1,2.8,18.9,27,26.1,11.6,5.3,828600,2035,88043,88043,1.029619417,1.667706821,2.451005098,3.261935314,3.295836866,1.410986974,13.62749281
125,"Census Tract 46, Honolulu County, Hawaii",15003004600,0.6,20.8,3.2,29.2,30.7,13.3,6.3,1.00E-05,894300,1975,103182,103182,1.16315081,-11.51292546,1.840549633,2.587764035,3.424262655,-0.510825624,13.70379657
126,"Census Tract 47, Honolulu County, Hawaii",15003004700,6.5,23.1,6.2,20,29.7,16.6,11.3,1.00E-05,832600,1740,91603,91603,1.824549292,-11.51292546,2.424802726,2.809402695,3.391147046,1.871802177,13.63230861
127,"Census Tract 48, Honolulu County, Hawaii",15003004800,10.1,24,6.2,30,19.9,8.5,7.7,1.00E-05,672900,1183,72060,72060,1.824549292,-11.51292546,2.041220329,2.140066163,2.990719732,2.312535424,13.41935201
128,"Census Tract 49, Honolulu County, Hawaii",15003004900,16.1,23.9,3.8,23.7,19,7,11.6,10.8,603500,1224,64196,64196,1.335001067,2.379546134,2.451005098,1.945910149,2.944438979,2.778819272,13.31050132
129,"Census Tract 50, Honolulu County, Hawaii",15003005000,12,21.9,3.7,27,20.1,9,2.4,1.00E-05,478300,1174,61803,61803,1.30833282,-11.51292546,0.875468737,2.197224577,3.000719815,2.48490665,13.07799343
130,"Census Tract 51, Honolulu County, Hawaii",15003005100,11.9,20.3,1.8,19,20.5,18.1,0.5,1.00E-05,499700,888,43269,43269,0.587786665,-11.51292546,-0.693147181,2.895911938,3.020424886,2.4765384,13.1217632
131,"Census Tract 52, Honolulu County, Hawaii",15003005200,30.7,27.9,4.9,25.9,6.4,3.5,1.00E-05,1.00E-05,NA,818,29274,29274,1.589235205,-11.51292546,-11.51292546,1.252762968,1.85629799,3.424262655,NA
132,"Census Tract 53, Honolulu County, Hawaii",15003005300,28.1,28.8,6.4,23.9,15,2.4,2.3,0.5,310600,1277,32768,32768,1.85629799,-0.693147181,0.832909123,0.875468737,2.708050201,3.335769576,12.64626119
133,"Census Tract 54, Honolulu County, Hawaii",15003005400,38.5,28.3,18.6,42.1,3.7,1.7,2.5,0.9,NA,455,22813,22813,2.923161581,-0.105360516,0.916290732,0.530628251,1.30833282,3.650658241,NA
134,"Census Tract 55, Honolulu County, Hawaii",15003005500,28.9,28.1,5.1,25.9,11.4,0.9,4.5,3.2,350000,962,40313,40313,1.62924054,1.16315081,1.504077397,-0.105360516,2.433613355,3.363841595,12.76568843
135,"Census Tract 56, Honolulu County, Hawaii",15003005600,24.7,23.7,3.2,26.5,13.4,2.5,2.4,1.3,581500,1033,53189,53189,1.16315081,0.262364264,0.875468737,0.916290732,2.595254707,3.206803244,13.27336625
136,"Census Tract 57, Honolulu County, Hawaii",15003005700,30,24.8,8.2,31.7,13,4.9,8.7,7.3,461600,784,40682,40682,2.104134154,1.987874348,2.163323026,1.589235205,2.564949357,3.401197382,13.04245399
137,"Census Tract 58, Honolulu County, Hawaii",15003005800,26,24.2,5.3,30.1,12.6,0.8,1,1.00E-05,249500,1015,46250,46250,1.667706821,-11.51292546,0,-0.223143551,2.533696814,3.258096538,12.42721419
138,"Census Tract 59, Honolulu County, Hawaii",15003005900,25,24.6,3,42.1,3.9,0.9,7.2,8,600800,1156,49000,49000,1.098612289,2.079441542,1.974081026,-0.105360516,1.360976553,3.218875825,13.30601738
139,"Census Tract 60, Honolulu County, Hawaii",15003006000,40.3,28.2,3.5,28.6,9.1,1.2,3.5,3.3,NA,1322,73239,73239,1.252762968,1.193922468,1.252762968,0.182321557,2.208274414,3.696351469,NA
140,"Census Tract 61, Honolulu County, Hawaii",15003006100,23.4,24.5,3.6,32.9,10.4,0.6,5.9,9,700300,1424,92813,92813,1.280933845,2.197224577,1.774952351,-0.510825624,2.341805806,3.152736022,13.45926409
141,"Census Tract 62.01, Honolulu County, Hawaii",15003006201,26.6,28.4,2.9,35.6,8.9,1.9,1,1.6,531000,989,58897,58897,1.064710737,0.470003629,0,0.641853886,2.186051277,3.280911216,13.1825173
142,"Census Tract 62.02, Honolulu County, Hawaii",15003006202,33.8,29,15.2,44.9,1.00E-05,0.6,12.3,7.7,NA,408,23667,23667,2.721295428,2.041220329,2.509599262,-0.510825624,-11.51292546,3.520460802,NA
143,"Census Tract 63.01, Honolulu County, Hawaii",15003006301,22.7,30.6,6.2,29.4,12.8,7.1,5.2,7.2,647500,1680,89356,89356,1.824549292,1.974081026,1.648658626,1.960094784,2.549445171,3.122364924,13.38087407
144,"Census Tract 63.02, Honolulu County, Hawaii",15003006302,17.9,28.2,10.3,31,13.7,5,5.1,3.5,618300,770,45313,45313,2.332143895,1.252762968,1.62924054,1.609437912,2.617395833,2.884800713,13.33472906
145,"Census Tract 64.01, Honolulu County, Hawaii",15003006401,14.5,24.2,1.00E-05,23.9,11.1,0.3,1.00E-05,1.00E-05,657200,1383,91875,91875,-11.51292546,-11.51292546,-11.51292546,-1.203972804,2.406945108,2.674148649,13.39574367
146,"Census Tract 64.02, Honolulu County, Hawaii",15003006402,15.4,27.6,6.1,33.8,12.4,1.2,4.8,1.00E-05,610600,1482,106445,106445,1.808288771,-11.51292546,1.568615918,0.182321557,2.517696473,2.734367509,13.32219736
147,"Census Tract 65, Honolulu County, Hawaii",15003006500,18.6,28.7,3.9,32.3,17.8,6.8,4.5,10.7,604400,1624,101875,101875,1.360976553,2.370243741,1.504077397,1.916922612,2.879198457,2.923161581,13.31199151
148,"Census Tract 66, Honolulu County, Hawaii",15003006600,1.6,10.2,38.3,21.3,25.8,26.1,31.3,10.2,NA,NA,110625,110625,3.645449896,2.32238772,3.443618098,3.261935314,3.250374492,0.470003629,NA
149,"Census Tract 67.01, Honolulu County, Hawaii",15003006701,3.3,22.1,5.7,32.2,26.8,11.9,3.6,1.00E-05,745800,2340,95801,95801,1.740466175,-11.51292546,1.280933845,2.4765384,3.288401888,1.193922468,13.52221275
150,"Census Tract 67.02, Honolulu County, Hawaii",15003006702,4.4,22.1,7.9,29.2,18.1,11.8,4,1.5,654600,1819,54375,54375,2.066862759,0.405465108,1.386294361,2.468099531,2.895911938,1.481604541,13.39177964
151,"Census Tract 68.02, Honolulu County, Hawaii",15003006802,14,27.7,6.4,26.9,16.2,4.2,1.4,1.00E-05,619900,1789,97902,97902,1.85629799,-11.51292546,0.336472237,1.435084525,2.785011242,2.63905733,13.33731345
152,"Census Tract 68.04, Honolulu County, Hawaii",15003006804,1.00E-05,18.9,8.7,20.5,16.5,4.7,1.7,0.8,NA,2867,59674,59674,2.163323026,-0.223143551,0.530628251,1.547562509,2.803360381,-11.51292546,NA
153,"Census Tract 68.05, Honolulu County, Hawaii",15003006805,7,25.1,2.7,21,37,10.1,7.3,1.00E-05,471100,1712,72342,72342,0.993251773,-11.51292546,1.987874348,2.312535424,3.610917913,1.945910149,13.06282566
154,"Census Tract 68.06, Honolulu County, Hawaii",15003006806,2.4,24.9,1.4,34.1,25.9,6.6,1.00E-05,1.00E-05,791700,3167,87381,87381,0.336472237,-11.51292546,-11.51292546,1.887069649,3.254242969,0.875468737,13.58193781
155,"Census Tract 68.08, Honolulu County, Hawaii",15003006808,11.2,24.5,3.7,31.3,21.3,6.9,7,1.00E-05,379400,1489,67910,67910,1.30833282,-11.51292546,1.945910149,1.931521412,3.058707073,2.415913778,12.84634634
156,"Census Tract 68.09, Honolulu County, Hawaii",15003006809,18.2,26.7,7.6,21.8,24.2,4.6,2.9,2.9,296400,1529,66875,66875,2.028148247,1.064710737,1.064710737,1.526056303,3.186352633,2.901421594,12.59946517
157,"Census Tract 69, Honolulu County, Hawaii",15003006900,1.00E-05,18,10,14.4,18.3,4.9,5.7,3,NA,2969,62415,62415,2.302585093,1.098612289,1.740466175,1.589235205,2.90690106,-11.51292546,NA
158,"Census Tract 70, Honolulu County, Hawaii",15003007000,0.8,18.7,10.9,18.7,16.2,2.3,5,3.4,NA,2670,55000,55000,2.388762789,1.223775432,1.609437912,0.832909123,2.785011242,-0.223143551,NA
159,"Census Tract 71, Honolulu County, Hawaii",15003007100,1.00E-05,13.4,5.4,12.7,16.1,8.2,1.1,1.1,NA,2861,77593,77593,1.686398954,0.09531018,0.09531018,2.104134154,2.778819272,-11.51292546,NA
160,"Census Tract 73.02, Honolulu County, Hawaii",15003007302,1.00E-05,13.1,4.8,8.8,33.1,23.1,9.7,3.2,NA,2779,72455,72455,1.568615918,1.16315081,2.272125886,3.139832618,3.499533282,-11.51292546,NA
161,"Census Tract 73.03, Honolulu County, Hawaii",15003007303,1.5,14.3,1.00E-05,58.5,11.7,1.00E-05,100,NA,NA,NA,NA,NA,-11.51292546,NA,4.605170186,-11.51292546,2.459588842,0.405465108,NA
162,"Census Tract 74, Honolulu County, Hawaii",15003007400,0.2,12.7,5.2,26.2,17.8,14.8,10.1,10.3,NA,3054,77109,77109,1.648658626,2.332143895,2.312535424,2.694627181,2.879198457,-1.609437912,NA
163,"Census Tract 75.02, Honolulu County, Hawaii",15003007502,1.00E-05,NA,1.00E-05,54.4,3.3,4.3,1.00E-05,1.00E-05,NA,NA,NA,NA,-11.51292546,-11.51292546,-11.51292546,1.458615023,1.193922468,-11.51292546,NA
164,"Census Tract 75.03, Honolulu County, Hawaii",15003007503,2.4,24.2,5.8,27.6,24.9,8.4,7,1.7,685100,1756,101029,101029,1.757857918,0.530628251,1.945910149,2.128231706,3.214867803,0.875468737,13.43732009
165,"Census Tract 75.04, Honolulu County, Hawaii",15003007504,19.5,28.8,6,45.3,10.5,2.5,0.6,1.00E-05,573000,783,59732,59732,1.791759469,-11.51292546,-0.510825624,0.916290732,2.351375257,2.970414466,13.258641
166,"Census Tract 75.05, Honolulu County, Hawaii",15003007505,5.4,26.9,1.2,27.9,21.3,7.8,5.1,10.7,599500,2174,101394,101394,0.182321557,2.370243741,1.62924054,2.054123734,3.058707073,1.686398954,13.30385125
167,"Census Tract 75.06, Honolulu County, Hawaii",15003007506,1.00E-05,20,6,9.4,25.2,33.7,1.00E-05,1.00E-05,NA,2925,87679,87679,1.791759469,-11.51292546,-11.51292546,3.517497837,3.226843995,-11.51292546,NA
168,"Census Tract 77.01, Honolulu County, Hawaii",15003007701,6,25.1,2.2,31.6,15.7,9.4,3.9,1.00E-05,675600,1844,97406,97406,0.78845736,-11.51292546,1.360976553,2.240709689,2.753660712,1.791759469,13.42335646
169,"Census Tract 77.02, Honolulu County, Hawaii",15003007702,5.6,27.8,5.1,19.3,28.6,17.7,10.4,1.00E-05,766100,2273,114219,114219,1.62924054,-11.51292546,2.341805806,2.87356464,3.353406718,1.722766598,13.54906799
170,"Census Tract 78.04, Honolulu County, Hawaii",15003007804,6,27,6.2,37.3,20.1,6.3,2,1.00E-05,631100,2335,102000,102000,1.824549292,-11.51292546,0.693147181,1.840549633,3.000719815,1.791759469,13.35521961
171,"Census Tract 78.05, Honolulu County, Hawaii",15003007805,6.9,29,5.5,23.2,21.6,5.5,3.4,6.1,373000,1806,87583,87583,1.704748092,1.808288771,1.223775432,1.704748092,3.072693315,1.931521412,12.8293337
172,"Census Tract 78.07, Honolulu County, Hawaii",15003007807,5.9,24.7,2.1,26.5,25.9,9.3,10.9,6.8,340400,1495,63036,63036,0.741937345,1.916922612,2.388762789,2.2300144,3.254242969,1.774952351,12.73787668
173,"Census Tract 78.08, Honolulu County, Hawaii",15003007808,9.2,29.5,3.9,38.8,11.4,5.6,2.1,1.00E-05,360800,1408,66068,66068,1.360976553,-11.51292546,0.741937345,1.722766598,2.433613355,2.219203484,12.79607907
174,"Census Tract 78.09, Honolulu County, Hawaii",15003007809,6.1,30.7,3.2,22.1,29.8,18.3,1.00E-05,1.00E-05,684700,2004,111042,111042,1.16315081,-11.51292546,-11.51292546,2.90690106,3.394508394,1.808288771,13.43673607
175,"Census Tract 78.10, Honolulu County, Hawaii",15003007810,4.9,30.1,2.9,16.2,31.3,18.3,1.7,1.00E-05,693500,2600,116217,116217,1.064710737,-11.51292546,0.530628251,2.90690106,3.443618098,1.589235205,13.44950652
176,"Census Tract 78.11, Honolulu County, Hawaii",15003007811,4.5,28.3,3.1,23.3,23.9,12.4,8.7,5.9,477700,2276,95802,95802,1.131402111,1.774952351,2.163323026,2.517696473,3.173878459,1.504077397,13.0767382
177,"Census Tract 80.01, Honolulu County, Hawaii",15003008001,19.2,29.9,8.9,31.7,12,4.1,4.9,1.00E-05,575400,921,46143,46143,2.186051277,-11.51292546,1.589235205,1.410986974,2.48490665,2.954910279,13.26282073
178,"Census Tract 80.02, Honolulu County, Hawaii",15003008002,2.6,27.8,1.8,34.6,16.7,6.7,6.1,1.00E-05,587500,1808,85833,85833,0.587786665,-11.51292546,1.808288771,1.902107526,2.815408719,0.955511445,13.28363153
179,"Census Tract 80.03, Honolulu County, Hawaii",15003008003,11.6,30.6,8.5,32.5,16,4.8,5.1,4.3,306700,1297,62083,62083,2.140066163,1.458615023,1.62924054,1.568615918,2.772588722,2.451005098,12.63362535
180,"Census Tract 80.05, Honolulu County, Hawaii",15003008005,5.8,35.6,4.4,37.5,18.1,10.2,2.2,1.00E-05,596500,2011,98864,98864,1.481604541,-11.51292546,0.78845736,2.32238772,2.895911938,1.757857918,13.29883452
181,"Census Tract 80.06, Honolulu County, Hawaii",15003008006,5.2,34.2,5.8,28.3,21.1,7,2.6,1.00E-05,626600,1750,96875,96875,1.757857918,-11.51292546,0.955511445,1.945910149,3.04927304,1.648658626,13.34806366
182,"Census Tract 80.07, Honolulu County, Hawaii",15003008007,9.2,31.1,4.8,28.5,15.3,7.9,0.6,1.00E-05,637500,2218,113971,113971,1.568615918,-11.51292546,-0.510825624,2.066862759,2.727852828,2.219203484,13.36530956
183,"Census Tract 83.01, Honolulu County, Hawaii",15003008301,3.2,43.5,9.5,26.4,12.9,8.4,8.7,4.3,NA,2340,82689,82689,2.251291799,1.458615023,2.163323026,2.128231706,2.557227311,1.16315081,NA
184,"Census Tract 83.02, Honolulu County, Hawaii",15003008302,19.2,43.2,5.1,43,10.5,1,7.8,1.00E-05,413600,1829,89375,89375,1.62924054,-11.51292546,2.054123734,0,2.351375257,2.954910279,12.9326546
185,"Census Tract 84.02, Honolulu County, Hawaii",15003008402,14.5,48.3,6,35.9,11.7,3,9.1,4.1,499300,1520,83650,83650,1.791759469,1.410986974,2.208274414,1.098612289,2.459588842,2.674148649,13.1209624
186,"Census Tract 84.05, Honolulu County, Hawaii",15003008405,11,42.1,2.3,26.1,16.9,6.2,10.3,9.8,476800,2393,108403,108403,0.832909123,2.282382386,2.332143895,1.824549292,2.827313622,2.397895273,13.07485239
187,"Census Tract 84.06, Honolulu County, Hawaii",15003008406,3.6,37.8,4.2,23.4,25.2,11.8,1.8,1.00E-05,576900,3076,112264,112264,1.435084525,-11.51292546,0.587786665,2.468099531,3.226843995,1.280933845,13.26542422
188,"Census Tract 84.07, Honolulu County, Hawaii",15003008407,4,53.3,5.2,16.7,23.1,9.7,3.9,1.00E-05,575100,2803,106563,106563,1.648658626,-11.51292546,1.360976553,2.272125886,3.139832618,1.386294361,13.26229922
189,"Census Tract 84.08, Honolulu County, Hawaii",15003008408,4.7,38.5,4.5,17,25.2,14.9,6.8,1.00E-05,586400,2687,118015,118015,1.504077397,-11.51292546,1.916922612,2.701361213,3.226843995,1.547562509,13.28175743
190,"Census Tract 84.10, Honolulu County, Hawaii",15003008410,4.3,38.1,1.9,21,28.1,3.8,3.5,12.7,578700,2877,112847,112847,0.641853886,2.541601993,1.252762968,1.335001067,3.335769576,1.458615023,13.26853949
191,"Census Tract 84.11, Honolulu County, Hawaii",15003008411,7.8,41.1,3.2,33.5,16.2,7.3,7.6,9.3,420800,1650,80673,80673,1.16315081,2.2300144,2.028148247,1.987874348,2.785011242,2.054123734,12.94991294
192,"Census Tract 84.12, Honolulu County, Hawaii",15003008412,4,38.2,5.5,28.6,22.4,6.3,5.9,10.5,299500,1663,76627,76627,1.704748092,2.351375257,1.774952351,1.840549633,3.109060959,1.386294361,12.6098697
193,"Census Tract 85.02, Honolulu County, Hawaii",15003008502,12.9,36.6,11,40.9,6.5,3.4,12.5,9.7,NA,2540,68281,68281,2.397895273,2.272125886,2.525728644,1.223775432,1.871802177,2.557227311,NA
194,"Census Tract 86.06, Honolulu County, Hawaii",15003008606,7.8,40.4,6.2,26.2,22.3,8.3,1.7,1.00E-05,507200,1551,91161,91161,1.824549292,-11.51292546,0.530628251,2.116255515,3.104586678,2.054123734,13.13666068
195,"Census Tract 86.09, Honolulu County, Hawaii",15003008609,3.5,36.8,3.4,26.8,20.4,8.6,22.6,12.9,474300,2326,96391,96391,1.223775432,2.557227311,3.117949906,2.151762203,3.015534901,1.252762968,13.06959531
196,"Census Tract 86.10, Honolulu County, Hawaii",15003008610,1.1,38.1,7.5,7.8,30.3,22.2,52.6,36.9,686600,3084,108750,108750,2.014903021,3.608211551,3.96271612,3.100092289,3.411147713,0.09531018,13.43950716
197,"Census Tract 86.11, Honolulu County, Hawaii",15003008611,11.5,32.5,16,19,64.3,16.7,32.4,1.00E-05,NA,2750,79688,79688,2.772588722,-11.51292546,3.478158423,2.815408719,4.163559631,2.442347035,NA
198,"Census Tract 86.12, Honolulu County, Hawaii",15003008612,1.8,41.4,9.3,20.8,23.8,11.5,7.7,8.7,569800,1841,93810,93810,2.2300144,2.163323026,2.041220329,2.442347035,3.169685581,0.587786665,13.2530407
199,"Census Tract 86.13, Honolulu County, Hawaii",15003008613,4.8,35.2,5.5,29.8,16.6,4.2,4.6,21.2,451600,2380,106544,106544,1.704748092,3.054001182,1.526056303,1.435084525,2.809402695,1.568615918,13.02055211
200,"Census Tract 86.14, Honolulu County, Hawaii",15003008614,6,33.5,3.6,23.2,23.2,10.7,6,1.00E-05,572900,1816,97534,97534,1.280933845,-11.51292546,1.791759469,2.370243741,3.144152279,1.791759469,13.25846646
201,"Census Tract 86.17, Honolulu County, Hawaii",15003008617,9.7,37.6,4.4,29.4,14.1,3.6,3.7,1.00E-05,489400,979,89202,89202,1.481604541,-11.51292546,1.30833282,1.280933845,2.646174797,2.272125886,13.10093543
202,"Census Tract 86.22, Honolulu County, Hawaii",15003008622,7.9,36,8.4,36.8,13.6,4.2,5,1.00E-05,574700,2199,108750,108750,2.128231706,-11.51292546,1.609437912,1.435084525,2.610069793,2.066862759,13.26160344
203,"Census Tract 87.01, Honolulu County, Hawaii",15003008701,24.1,34.3,4.1,37.6,13.9,2.2,6.2,9.5,592600,1278,95750,95750,1.410986974,2.251291799,1.824549292,0.78845736,2.63188884,3.18221184,13.29227491
204,"Census Tract 87.02, Honolulu County, Hawaii",15003008702,27.5,36.4,5.5,35.6,14.6,2.3,1.00E-05,1.00E-05,407800,1176,50308,50308,1.704748092,-11.51292546,-11.51292546,0.832909123,2.681021529,3.314186005,12.91853214
205,"Census Tract 87.03, Honolulu County, Hawaii",15003008703,25,35.2,11.7,36.7,12.1,4.7,5.7,6.6,484500,1198,59046,59046,2.459588842,1.887069649,1.740466175,1.547562509,2.493205453,3.218875825,13.09087271
206,"Census Tract 88, Honolulu County, Hawaii",15003008800,11.5,32.5,4.2,35.9,15.5,3,4.2,5,608200,805,116958,116958,1.435084525,1.609437912,1.435084525,1.098612289,2.740840024,2.442347035,13.31825905
207,"Census Tract 89.06, Honolulu County, Hawaii",15003008906,6.4,31.8,3.4,27.4,25.1,11.2,5.7,7.8,526800,2009,92356,92356,1.223775432,2.054123734,1.740466175,2.415913778,3.222867846,1.85629799,13.17457625
208,"Census Tract 89.07, Honolulu County, Hawaii",15003008907,6.3,30.4,6.1,34.5,20.7,7.5,4.3,1.00E-05,562300,1213,71397,71397,1.808288771,-11.51292546,1.458615023,2.014903021,3.0301337,1.840549633,13.23979079
209,"Census Tract 89.08, Honolulu County, Hawaii",15003008908,3.4,32.9,2.3,23.3,27.2,10,2.7,1.00E-05,599400,2359,101346,101346,0.832909123,-11.51292546,0.993251773,2.302585093,3.303216973,1.223775432,13.30368443
210,"Census Tract 89.09, Honolulu County, Hawaii",15003008909,3.4,31,2.6,25.8,22.5,8.5,1.00E-05,1.00E-05,515400,1812,83047,83047,0.955511445,-11.51292546,-11.51292546,2.140066163,3.113515309,1.223775432,13.15269858
211,"Census Tract 89.12, Honolulu County, Hawaii",15003008912,15.3,32.2,4.8,31.6,14.8,4.6,3.8,1.00E-05,612800,1650,121774,121774,1.568615918,-11.51292546,1.335001067,1.526056303,2.694627181,2.727852828,13.3257939
212,"Census Tract 89.13, Honolulu County, Hawaii",15003008913,4.6,35.7,4,31.2,17.3,3.4,1.8,1.00E-05,580000,1193,109875,109875,1.386294361,-11.51292546,0.587786665,1.223775432,2.850706502,1.526056303,13.27078338
213,"Census Tract 89.14, Honolulu County, Hawaii",15003008914,25.3,39.9,3.9,37.4,9.5,1.7,7,1.00E-05,182600,1815,67952,67952,1.360976553,-11.51292546,1.945910149,0.530628251,2.251291799,3.230804396,12.11505325
214,"Census Tract 89.15, Honolulu County, Hawaii",15003008915,8.5,29.7,8.7,26.1,18.1,6.5,7.6,10.1,341700,1525,65160,65160,2.163323026,2.312535424,2.028148247,1.871802177,2.895911938,2.140066163,12.74168844
215,"Census Tract 89.17, Honolulu County, Hawaii",15003008917,2.6,33.4,2.4,16.9,25.8,12.1,3.2,1.00E-05,617200,1899,117417,117417,0.875468737,-11.51292546,1.16315081,2.493205453,3.250374492,0.955511445,13.3329484
216,"Census Tract 89.18, Honolulu County, Hawaii",15003008918,3.6,33.2,8.4,19.8,26.9,9.8,1,1.00E-05,563800,1833,90600,90600,2.128231706,-11.51292546,0,2.282382386,3.292126287,1.280933845,13.24245486
217,"Census Tract 89.20, Honolulu County, Hawaii",15003008920,2.4,29.8,5.5,24.5,23.2,7.7,1.7,4.5,423600,1712,74028,74028,1.704748092,1.504077397,0.530628251,2.041220329,3.144152279,0.875468737,12.95654489
218,"Census Tract 89.21, Honolulu County, Hawaii",15003008921,6.7,28.6,2.7,28.2,9.2,3.5,1.00E-05,1.00E-05,564900,1887,79622,79622,0.993251773,-11.51292546,-11.51292546,1.252762968,2.219203484,1.902107526,13.244404
219,"Census Tract 89.22, Honolulu County, Hawaii",15003008922,5.6,32.4,4.5,15.1,34,14.2,4,8.6,434100,2037,93652,93652,1.504077397,2.151762203,1.386294361,2.653241965,3.526360525,1.722766598,12.9810302
220,"Census Tract 89.23, Honolulu County, Hawaii",15003008923,4.6,31.7,2.6,26.6,28.1,7.7,4,3.9,499500,1535,76987,76987,0.955511445,1.360976553,1.386294361,2.041220329,3.335769576,1.526056303,13.12136288
221,"Census Tract 89.24, Honolulu County, Hawaii",15003008924,7,34,3.1,26.9,18.1,7.7,2.4,14.2,607800,2524,116010,116010,1.131402111,2.653241965,0.875468737,2.041220329,2.895911938,1.945910149,13.31760116
222,"Census Tract 89.25, Honolulu County, Hawaii",15003008925,8.8,35.9,6.6,27.1,19.1,5.3,5.8,2.7,479900,2218,91961,91961,1.887069649,0.993251773,1.757857918,1.667706821,2.949688335,2.174751721,13.08133303
223,"Census Tract 89.26, Honolulu County, Hawaii",15003008926,2.9,26.4,5.7,22.2,28.6,8.5,6.3,3.7,358800,1956,76103,76103,1.740466175,1.30833282,1.840549633,2.140066163,3.353406718,1.064710737,12.79052041
224,"Census Tract 89.27, Honolulu County, Hawaii",15003008927,1.8,33,2.1,10.8,32.6,18.3,2.6,3,634300,2184,111081,111081,0.741937345,1.098612289,0.955511445,2.90690106,3.484312288,0.587786665,13.36027731
225,"Census Tract 89.28, Honolulu County, Hawaii",15003008928,6.3,32.5,4.6,12.7,33.2,13.5,1.00E-05,1.00E-05,674900,3336,122157,122157,1.526056303,-11.51292546,-11.51292546,2.602689685,3.502549876,1.840549633,13.42231981
226,"Census Tract 89.29, Honolulu County, Hawaii",15003008929,5,32.5,1.00E-05,20.9,32.3,9.5,7.1,1.00E-05,385500,1797,69821,69821,-11.51292546,-11.51292546,1.960094784,2.251291799,3.47506723,1.609437912,12.86229647
227,"Census Tract 89.30, Honolulu County, Hawaii",15003008930,1.4,32.6,2.8,14,35.4,19.4,3.7,1.00E-05,691900,3259,134091,134091,1.029619417,-11.51292546,1.30833282,2.965273066,3.56671182,0.336472237,13.44719672
228,"Census Tract 89.31, Honolulu County, Hawaii",15003008931,2.9,36.7,1.00E-05,24.2,25.7,20,1.00E-05,1.00E-05,803700,NA,161250,161250,-11.51292546,-11.51292546,-11.51292546,2.995732274,3.246490992,1.064710737,13.59698134
229,"Census Tract 90, Honolulu County, Hawaii",15003009000,1.7,18.2,7.1,13.2,21.6,6.9,7.7,1.9,NA,2432,61357,61357,1.960094784,0.641853886,2.041220329,1.931521412,3.072693315,0.530628251,NA
230,"Census Tract 91, Honolulu County, Hawaii",15003009100,9.8,28.7,7.4,33.8,18.5,2.1,1.7,3.6,471700,1467,65673,65673,2.00148,1.280933845,0.530628251,0.741937345,2.917770732,2.282382386,13.06409847
231,"Census Tract 92, Honolulu County, Hawaii",15003009200,10,31.2,7,39.7,17.3,5.7,3.8,1.00E-05,506500,1583,73793,73793,1.945910149,-11.51292546,1.335001067,1.740466175,2.850706502,2.302585093,13.1352796
232,"Census Tract 93, Honolulu County, Hawaii",15003009300,10.6,33.2,5.5,34.2,12.4,6.8,2.9,4.2,500600,976,40636,40636,1.704748092,1.435084525,1.064710737,1.916922612,2.517696473,2.360854001,13.12356266
233,"Census Tract 94, Honolulu County, Hawaii",15003009400,9.6,28.7,5.8,40.1,6.9,3.9,11.2,1.00E-05,519300,1274,45635,45635,1.757857918,-11.51292546,2.415913778,1.360976553,1.931521412,2.261763098,13.16023703
234,"Census Tract 95.01, Honolulu County, Hawaii",15003009501,1.00E-05,12.5,17.5,21,9.3,2.7,4.8,1.00E-05,NA,2604,50607,50607,2.862200881,-11.51292546,1.568615918,0.993251773,2.2300144,-11.51292546,NA
235,"Census Tract 95.02, Honolulu County, Hawaii",15003009502,1.00E-05,13.8,21.7,12.6,16.4,4.5,8.3,1.00E-05,NA,2681,60288,60288,3.077312261,-11.51292546,2.116255515,1.504077397,2.797281335,-11.51292546,NA
236,"Census Tract 95.03, Honolulu County, Hawaii",15003009503,1.00E-05,8.4,12.3,27.1,16,3.3,1.00E-05,1.00E-05,NA,2850,75556,75556,2.509599262,-11.51292546,-11.51292546,1.193922468,2.772588722,-11.51292546,NA
237,"Census Tract 95.04, Honolulu County, Hawaii",15003009504,1.00E-05,15.5,19.9,25.5,16.6,16.5,9.7,1.00E-05,NA,2255,80250,80250,2.990719732,-11.51292546,2.272125886,2.803360381,2.809402695,-11.51292546,NA
238,"Census Tract 95.07, Honolulu County, Hawaii",15003009507,1.00E-05,9,11.5,39.3,9.4,1.6,11.9,1.00E-05,NA,2182,47614,47614,2.442347035,-11.51292546,2.4765384,0.470003629,2.240709689,-11.51292546,NA
239,"Census Tract 96.03, Honolulu County, Hawaii",15003009603,15,42.9,13.3,39,9.9,4.8,11.1,4.2,388400,1457,60486,60486,2.587764035,1.435084525,2.406945108,1.568615918,2.292534757,2.708050201,12.86979102
240,"Census Tract 96.08, Honolulu County, Hawaii",15003009608,5,39.5,15,49.4,9.1,1.2,10.2,1.00E-05,317300,1655,65875,65875,2.708050201,-11.51292546,2.32238772,0.182321557,2.208274414,1.609437912,12.66760298
241,"Census Tract 97.01, Honolulu County, Hawaii",15003009701,25,45.8,18.9,41.5,4.2,1.2,18.3,9.9,217300,1024,36290,36290,2.939161922,2.292534757,2.90690106,0.182321557,1.435084525,3.218875825,12.28903417
242,"Census Tract 97.03, Honolulu County, Hawaii",15003009703,12.9,47.3,10.7,47.8,9.6,2.7,3.8,1.00E-05,345000,1237,79063,79063,2.370243741,-11.51292546,1.335001067,0.993251773,2.261763098,2.557227311,12.7512997
243,"Census Tract 97.04, Honolulu County, Hawaii",15003009704,9.1,43,10.3,42,8.6,3.9,6.7,1.00E-05,415200,1088,87708,87708,2.332143895,-11.51292546,1.902107526,1.360976553,2.151762203,2.208274414,12.93651561
244,"Census Tract 98.01, Honolulu County, Hawaii",15003009801,11.2,47.5,18.8,33.9,17.3,10.4,35.6,11.6,169800,1187,52321,52321,2.93385687,2.451005098,3.572345638,2.341805806,2.850706502,2.415913778,12.04237655
245,"Census Tract 98.02, Honolulu County, Hawaii",15003009802,14.4,49.6,16.4,44.7,8.6,3.3,19.4,2.2,387300,1427,60817,60817,2.797281335,0.78845736,2.965273066,1.193922468,2.151762203,2.667228207,12.86695487
246,"Census Tract 99.02, Honolulu County, Hawaii",15003009902,4.8,32.1,7.2,25.1,13.5,5.5,14.5,1.00E-05,586300,1368,59556,59556,1.974081026,-11.51292546,2.674148649,1.704748092,2.602689685,1.568615918,13.28158688
247,"Census Tract 99.04, Honolulu County, Hawaii",15003009904,3.5,34.6,4.8,25,21.4,12.3,12.7,0.4,628100,1657,74489,74489,1.568615918,-0.916290732,2.541601993,2.509599262,3.063390922,1.252762968,13.35045467
248,"Census Tract 100, Honolulu County, Hawaii",15003010000,1.5,22.6,9.3,27,19.5,6,15,1.00E-05,961200,2166,53750,53750,2.2300144,-11.51292546,2.708050201,1.791759469,2.970414466,0.405465108,13.77593778
249,"Census Tract 101, Honolulu County, Hawaii",15003010100,3.1,34,3.3,24.1,25.8,11.2,25.8,1.1,849000,1953,93293,93293,1.193922468,0.09531018,3.250374492,2.415913778,3.250374492,1.131402111,13.65181447
250,"Census Tract 102.01, Honolulu County, Hawaii",15003010201,4.4,38.8,6.8,31.8,19.6,11.5,22.6,11,590600,1563,69148,69148,1.916922612,2.397895273,3.117949906,2.442347035,2.975529566,1.481604541,13.28889425
251,"Census Tract 102.02, Honolulu County, Hawaii",15003010202,2.9,22.4,4.2,18.5,29.7,17.2,16.7,1.00E-05,629900,1575,92305,92305,1.435084525,-11.51292546,2.815408719,2.844909384,3.391147046,1.064710737,13.35331636
252,"Census Tract 103.03, Honolulu County, Hawaii",15003010303,1.3,33.1,5.6,33.5,17.4,9,5.8,1.00E-05,724000,1654,78553,78553,1.722766598,-11.51292546,1.757857918,2.197224577,2.856470206,0.262364264,13.49254667
253,"Census Tract 103.05, Honolulu County, Hawaii",15003010305,3.6,34.5,5.9,29.1,21.6,13,10.2,7.8,720000,1336,91838,91838,1.774952351,2.054123734,2.32238772,2.564949357,3.072693315,1.280933845,13.48700649
254,"Census Tract 103.06, Honolulu County, Hawaii",15003010306,3.9,32.5,4.2,18,29.6,21.5,1.00E-05,1.00E-05,616000,1992,113438,113438,1.435084525,-11.51292546,-11.51292546,3.068052935,3.387774361,1.360976553,13.33100224
255,"Census Tract 103.08, Honolulu County, Hawaii",15003010308,9.1,29.8,1.5,28.5,29.1,7.3,1.00E-05,1.00E-05,674100,3048,98295,98295,0.405465108,-11.51292546,-11.51292546,1.987874348,3.370738174,2.208274414,13.42113375
256,"Census Tract 105.03, Honolulu County, Hawaii",15003010503,5,25.7,6,39.4,16.5,7.8,8.3,1.00E-05,658700,1191,85500,85500,1.791759469,-11.51292546,2.116255515,2.054123734,2.803360381,1.609437912,13.39802347
257,"Census Tract 105.04, Honolulu County, Hawaii",15003010504,3.2,27,2.6,42.9,19,5.4,7.2,10.2,646100,1465,83462,83462,0.955511445,2.32238772,1.974081026,1.686398954,2.944438979,1.16315081,13.37870957
258,"Census Tract 105.05, Honolulu County, Hawaii",15003010505,4.2,28.2,1.2,27.4,25.4,13.3,2.6,1.00E-05,719400,2019,104394,104394,0.182321557,-11.51292546,0.955511445,2.587764035,3.234749174,1.435084525,13.48617281
259,"Census Tract 105.07, Honolulu County, Hawaii",15003010507,5.8,26.4,4.4,34.8,19.3,7.8,1.5,1.00E-05,534200,1561,74503,74503,1.481604541,-11.51292546,0.405465108,2.054123734,2.960105096,1.757857918,13.18852558
260,"Census Tract 105.08, Honolulu County, Hawaii",15003010508,0.6,29.5,6.7,19,29.4,26.7,7.5,1.00E-05,609400,2665,106289,106289,1.902107526,-11.51292546,2.014903021,3.284663565,3.380994674,-0.510825624,13.32023015
261,"Census Tract 106.01, Honolulu County, Hawaii",15003010601,2.4,25.4,6.3,37.3,21.2,6.6,3.2,1.00E-05,677800,1073,78889,78889,1.840549633,-11.51292546,1.16315081,1.887069649,3.054001182,0.875468737,13.42660754
262,"Census Tract 106.02, Honolulu County, Hawaii",15003010602,3.9,30.5,4.6,30.5,26,9.3,5.2,2.6,688100,1752,104215,104215,1.526056303,0.955511445,1.648658626,2.2300144,3.258096538,1.360976553,13.44168946
263,"Census Tract 107.01, Honolulu County, Hawaii",15003010701,7.7,31,4.4,19.4,33.4,18.9,4.4,6.8,765200,2618,105417,105417,1.481604541,1.916922612,1.481604541,2.939161922,3.5085559,2.041220329,13.54789252
264,"Census Tract 107.02, Honolulu County, Hawaii",15003010702,8.1,32.4,3.5,30.1,21.1,14.4,1.00E-05,1.00E-05,684500,3090,80662,80662,1.252762968,-11.51292546,-11.51292546,2.667228207,3.04927304,2.091864062,13.43644392
265,"Census Tract 108.01, Honolulu County, Hawaii",15003010801,1.00E-05,9.3,3.9,17.5,19.3,6.6,5.4,1.4,NA,2646,48909,48909,1.360976553,0.336472237,1.686398954,1.887069649,2.960105096,-11.51292546,NA
266,"Census Tract 108.02, Honolulu County, Hawaii",15003010802,1.00E-05,10,6.1,18.7,25,9.9,2.6,1.00E-05,NA,2753,55321,55321,1.808288771,-11.51292546,0.955511445,2.292534757,3.218875825,-11.51292546,NA
267,"Census Tract 109.01, Honolulu County, Hawaii",15003010901,3.7,28.3,2.9,21.2,26,19.7,6.3,1.00E-05,847400,2837,124406,124406,1.064710737,-11.51292546,1.840549633,2.980618636,3.258096538,1.30833282,13.64992812
268,"Census Tract 109.03, Honolulu County, Hawaii",15003010903,6,26.8,9.7,27.1,20.8,11.3,0.8,1.00E-05,721800,1464,71034,71034,2.272125886,-11.51292546,-0.223143551,2.424802726,3.034952987,1.791759469,13.48950337
269,"Census Tract 109.04, Honolulu County, Hawaii",15003010904,5.5,29.6,2.1,27.5,22.2,16.4,6,6,791200,2130,95804,95804,0.741937345,1.791759469,1.791759469,2.797281335,3.100092289,1.704748092,13.58130606
270,"Census Tract 109.05, Honolulu County, Hawaii",15003010905,8.5,27.9,4.4,29.6,15.9,12.6,3.1,1.00E-05,746100,1780,88259,88259,1.481604541,-11.51292546,1.131402111,2.533696814,2.766319109,2.140066163,13.52261492
271,"Census Tract 110, Honolulu County, Hawaii",15003011000,2.8,28.3,4.3,16.3,26.1,24.8,5,1.00E-05,890600,2471,137500,137500,1.458615023,-11.51292546,1.609437912,3.210843653,3.261935314,1.029619417,13.69965067
272,"Census Tract 111.03, Honolulu County, Hawaii",15003011103,3,30.5,1.7,20.2,29.3,19.7,2.6,1.00E-05,795400,2927,114115,114115,0.530628251,-11.51292546,0.955511445,2.980618636,3.377587516,1.098612289,13.58660041
273,"Census Tract 111.04, Honolulu County, Hawaii",15003011104,1.6,31.3,5.9,18.6,31.1,17.6,3.9,3.9,835700,3173,112944,112944,1.774952351,1.360976553,1.360976553,2.867898902,3.437207819,0.470003629,13.63602498
274,"Census Tract 111.05, Honolulu County, Hawaii",15003011105,3.4,30.2,4,11.5,35.4,26.5,3.2,4.9,660600,2169,102515,102515,1.386294361,1.589235205,1.16315081,3.277144733,3.56671182,1.223775432,13.40090379
275,"Census Tract 111.06, Honolulu County, Hawaii",15003011106,3.2,30.1,4.3,19.1,29.2,19.7,2.4,1.00E-05,850800,2569,114603,114603,1.458615023,-11.51292546,0.875468737,2.980618636,3.374168709,1.16315081,13.65393236
276,"Census Tract 112.01, Honolulu County, Hawaii",15003011201,3.4,27,4.4,8.3,33.7,32,9.4,7.2,1413900,2394,136741,136741,1.481604541,1.974081026,2.240709689,3.465735903,3.517497837,1.223775432,14.1618624
277,"Census Tract 112.02, Honolulu County, Hawaii",15003011202,0.7,30.4,3.3,13.1,30.1,25.1,15.4,1.00E-05,1618300,2076,110673,110673,1.193922468,-11.51292546,2.734367509,3.222867846,3.404525172,-0.356674944,14.29688677
278,"Census Tract 113, Honolulu County, Hawaii",15003011300,5.4,29.2,3.5,44.5,9.6,4.9,1.3,1.00E-05,586300,1236,73472,73472,1.252762968,-11.51292546,0.262364264,1.589235205,2.261763098,1.686398954,13.28158688
279,"Census Tract 114, Honolulu County, Hawaii",15003011400,1.00E-05,19.6,10.7,21.2,18,5.1,1.00E-05,1.00E-05,NA,2641,50195,50195,2.370243741,-11.51292546,-11.51292546,1.62924054,2.890371758,-11.51292546,NA
280,"Census Tract 115, Honolulu County, Hawaii",15003011500,4.2,35.6,6.8,28.7,19.3,8.2,2.1,1.7,427800,2110,91667,91667,1.916922612,0.530628251,0.741937345,2.104134154,2.960105096,1.435084525,12.96641108
281,"Census Tract 9400.01, Honolulu County, Hawaii",15003940001,7.8,36.3,9.4,46.7,10.3,6.1,8.2,5.8,467100,717,76786,76786,2.240709689,1.757857918,2.104134154,1.808288771,2.332143895,2.054123734,13.05429865
282,"Census Tract 9400.02, Honolulu County, Hawaii",15003940002,12.5,40.2,13.9,53.7,5.1,1.8,5.8,5.3,258800,1310,59674,59674,2.63188884,1.667706821,1.757857918,0.587786665,1.62924054,2.525728644,12.46381084
283,"Census Tract 9800, Honolulu County, Hawaii",15003980000,NA,NA,NA,NA,NA,NA,NA,NA,NA,NA,NA,NA,NA,NA,NA,NA,NA,NA,NA
284,"Census Tract 9802, Honolulu County, Hawaii",15003980200,NA,NA,NA,51.7,4.7,2.7,NA,NA,NA,NA,NA,NA,NA,NA,NA,0.993251773,1.547562509,NA,NA
285,"Census Tract 9803, Honolulu County, Hawaii",15003980300,NA,NA,NA,NA,NA,NA,NA,NA,NA,NA,NA,NA,NA,NA,NA,NA,NA,NA,NA
286,"Census Tract 9806, Honolulu County, Hawaii",15003980600,NA,NA,NA,NA,NA,NA,NA,NA,NA,NA,NA,NA,NA,NA,NA,NA,NA,NA,NA
287,"Census Tract 9807, Honolulu County, Hawaii",15003980700,NA,NA,NA,NA,NA,NA,NA,NA,NA,NA,NA,NA,NA,NA,NA,NA,NA,NA,NA
288,"Census Tract 9808, Honolulu County, Hawaii",15003980800,NA,NA,NA,NA,NA,NA,NA,NA,NA,NA,NA,NA,NA,NA,NA,NA,NA,NA,NA
289,"Census Tract 9810, Honolulu County, Hawaii",15003981000,NA,NA,NA,NA,NA,NA,NA,NA,NA,NA,NA,NA,NA,NA,NA,NA,NA,NA,NA
290,"Census Tract 9811, Honolulu County, Hawaii",15003981100,1.00E-05,5.2,NA,0,91.7,1.00E-05,NA,NA,NA,NA,NA,NA,NA,NA,NA,-11.51292546,4.518522379,-11.51292546,NA
291,"Census Tract 9812, Honolulu County, Hawaii",15003981200,NA,NA,NA,NA,NA,NA,NA,NA,NA,NA,NA,NA,NA,NA,NA,NA,NA,NA,NA
292,"Census Tract 9813, Honolulu County, Hawaii",15003981300,NA,NA,NA,NA,NA,NA,NA,NA,NA,NA,NA,NA,NA,NA,NA,NA,NA,NA,NA
293,"Census Tract 9814, Honolulu County, Hawaii",15003981400,1.00E-05,NA,1.00E-05,0,1.00E-05,1.00E-05,1.00E-05,NA,NA,NA,NA,NA,-11.51292546,NA,-11.51292546,-11.51292546,-11.51292546,-11.51292546,NA
294,"Census Tract 9900.01, Honolulu County, Hawaii",15003990001,NA,NA,NA,NA,NA,NA,NA,NA,NA,NA,NA,NA,NA,NA,NA,NA,NA,NA,NA
295,"Census Tract 319, Kalawao County, Hawaii",15005031900,1.00E-05,5.4,1.00E-05,36.9,10.7,19,43.9,8.3,NA,960,65625,NA,-11.51292546,2.116255515,3.78191432,2.944438979,2.370243741,-11.51292546,NA
296,"Census Tract 9900, Kalawao County, Hawaii",15005990000,NA,NA,NA,NA,NA,NA,NA,NA,NA,NA,NA,NA,NA,NA,NA,NA,NA,NA,NA
297,"Census Tract 401.03, Kauai County, Hawaii",15007040103,0.5,17.9,3.1,20.3,27.2,15,52,62.2,732400,1676,66833,NA,1.131402111,4.130355,3.951243719,2.708050201,3.303216973,-0.693147181,13.50408209
298,"Census Tract 401.04, Kauai County, Hawaii",15007040104,1.00E-05,23.4,6.4,22.6,29.9,10.6,69.4,82,863200,1458,33500,NA,1.85629799,4.406719247,4.239886868,2.360854001,3.39785848,-11.51292546,13.66840169
299,"Census Tract 402.04, Kauai County, Hawaii",15007040204,1.00E-05,27.9,6,26.1,23.1,9.8,5.7,1.00E-05,579900,1479,69896,NA,1.791759469,-11.51292546,1.740466175,2.282382386,3.139832618,-11.51292546,13.27061095
300,"Census Tract 402.05, Kauai County, Hawaii",15007040205,0.6,22.7,7.4,27.1,21.2,10.6,29.1,15.9,474500,1465,60542,NA,2.00148,2.766319109,3.370738174,2.360854001,3.054001182,-0.510825624,13.0700169
301,"Census Tract 403, Kauai County, Hawaii",15007040300,0.9,27.5,6,32.3,16.6,6.9,23,13.3,438300,1289,69429,NA,1.791759469,2.587764035,3.135494216,1.931521412,2.809402695,-0.105360516,12.99065889
302,"Census Tract 404, Kauai County, Hawaii",15007040400,0.2,19.6,3.3,40,12,4.1,13.3,11,418600,1176,69205,NA,1.193922468,2.397895273,2.587764035,1.410986974,2.48490665,-1.609437912,12.94467109
303,"Census Tract 405, Kauai County, Hawaii",15007040500,0.5,16.7,4.2,39.1,13,14.3,11.3,1.00E-05,519300,1266,61350,NA,1.435084525,-11.51292546,2.424802726,2.660259537,2.564949357,-0.693147181,13.16023703
304,"Census Tract 406.03, Kauai County, Hawaii",15007040603,0.2,16.2,5.3,30,22.8,10.6,50.3,5.2,651200,1218,65104,NA,1.667706821,1.648658626,3.918005077,2.360854001,3.126760536,-1.609437912,13.38657209
305,"Census Tract 406.04, Kauai County, Hawaii",15007040604,0.5,21.1,7.5,24.5,23.1,7.6,26.7,8.1,588400,1263,61691,NA,2.014903021,2.091864062,3.284663565,2.028148247,3.139832618,-0.693147181,13.28516227
306,"Census Tract 407, Kauai County, Hawaii",15007040700,2.1,24.2,3.5,24.8,22.2,12.2,12.1,1.5,534500,1320,81241,NA,1.252762968,0.405465108,2.493205453,2.501435952,3.100092289,0.741937345,13.18908701
307,"Census Tract 408, Kauai County, Hawaii",15007040800,1.7,22.9,4.7,36.5,15.8,4.5,11.3,1.00E-05,393800,793,72321,NA,1.547562509,-11.51292546,2.424802726,1.504077397,2.76000994,0.530628251,12.88359845
308,"Census Tract 409, Kauai County, Hawaii",15007040900,0.7,25.8,7.1,31.2,15.4,6.3,27.7,8.9,383200,1145,60000,NA,1.960094784,2.186051277,3.321432413,1.840549633,2.734367509,-0.356674944,12.85631233
309,"Census Tract 412, Kauai County, Hawaii",15007041200,NA,NA,NA,NA,NA,NA,NA,NA,NA,NA,NA,NA,NA,NA,NA,NA,NA,NA,NA
310,"Census Tract 9400, Kauai County, Hawaii",15007940000,2.8,27.9,8.3,38.3,16.6,9.7,22.1,26.1,585900,882,56184,NA,2.116255515,3.261935314,3.095577609,2.272125886,2.809402695,1.029619417,13.28090441
311,"Census Tract 9901, Kauai County, Hawaii",15007990100,NA,NA,NA,NA,NA,NA,NA,NA,NA,NA,NA,NA,NA,NA,NA,NA,NA,NA,NA
312,"Census Tract 9902, Kauai County, Hawaii",15007990200,NA,NA,NA,NA,NA,NA,NA,NA,NA,NA,NA,NA,NA,NA,NA,NA,NA,NA,NA
313,"Census Tract 9903, Kauai County, Hawaii",15007990300,NA,NA,NA,NA,NA,NA,NA,NA,NA,NA,NA,NA,NA,NA,NA,NA,NA,NA,NA
314,"Census Tract 301, Maui County, Hawaii",15009030100,1.00E-05,15.7,8.5,43.4,16.3,7.8,36.3,24.3,432900,850,44700,NA,2.140066163,3.19047635,3.591817741,2.054123734,2.791165108,-11.51292546,12.97826203
315,"Census Tract 302.01, Maui County, Hawaii",15009030201,1.1,29.1,4.7,30.7,15.5,8.7,12.2,1.7,629400,1366,43682,NA,1.547562509,0.530628251,2.501435952,2.163323026,2.740840024,0.09531018,13.35252226
316,"Census Tract 302.02, Maui County, Hawaii",15009030202,1.00E-05,25.2,4.8,25.1,22.9,14.1,13.5,4.2,741600,1372,80453,NA,1.568615918,1.435084525,2.602689685,2.646174797,3.131136911,-11.51292546,13.51656529
317,"Census Tract 303.01, Maui County, Hawaii",15009030301,1.8,29.5,3.9,26.3,24.3,11.2,6.9,1.6,703300,1275,70098,NA,1.360976553,0.470003629,1.931521412,2.415913778,3.19047635,0.587786665,13.46353882
318,"Census Tract 303.03, Maui County, Hawaii",15009030303,1.4,24,4.3,16.9,28,20.1,56.8,62.4,1061100,1768,77662,NA,1.458615023,4.133565275,4.039536326,3.000719815,3.33220451,0.336472237,13.87481666
319,"Census Tract 304.02, Maui County, Hawaii",15009030402,2.3,26.4,4.5,28.1,15.9,10.1,7.7,2.4,611900,1244,80281,NA,1.504077397,0.875468737,2.041220329,2.312535424,2.766319109,0.832909123,13.32432415
320,"Census Tract 304.03, Maui County, Hawaii",15009030403,0.1,28.2,10.6,25.7,17.8,7.9,9,1.8,573700,1138,70179,NA,2.360854001,0.587786665,2.197224577,2.066862759,2.879198457,-2.302585093,13.25986189
321,"Census Tract 304.04, Maui County, Hawaii",15009030404,0.5,24.7,6.4,29.1,16.4,8.7,12,2.7,540300,1370,56111,NA,1.85629799,0.993251773,2.48490665,2.163323026,2.797281335,-0.693147181,13.19987982
322,"Census Tract 305.01, Maui County, Hawaii",15009030501,0.9,22.9,2.6,36.1,20.7,9,25.2,24.9,572900,2089,72083,NA,0.955511445,3.214867803,3.226843995,2.197224577,3.0301337,-0.105360516,13.25846646
323,"Census Tract 307.05, Maui County, Hawaii",15009030705,1.00E-05,19.2,7.7,34.7,14.3,3.3,17.2,7.8,424200,1097,85938,NA,2.041220329,2.054123734,2.844909384,1.193922468,2.660259537,-11.51292546,12.95796032
324,"Census Tract 307.06, Maui County, Hawaii",15009030706,3.9,21.6,6.3,29.5,20.5,5.4,21.3,14,390500,1382,61574,NA,1.840549633,2.63905733,3.058707073,1.686398954,3.020424886,1.360976553,12.87518325
325,"Census Tract 307.07, Maui County, Hawaii",15009030707,2.7,23,8.2,31.7,16.7,8,25.3,27.6,467000,1599,72163,NA,2.104134154,3.317815773,3.230804396,2.079441542,2.815408719,0.993251773,13.05408454
326,"Census Tract 307.08, Maui County, Hawaii",15009030708,2,20.7,3.2,28,15.1,7.7,26.2,15.4,599900,1196,62404,NA,1.16315081,2.734367509,3.265759411,2.041220329,2.714694744,0.693147181,13.30451825
327,"Census Tract 307.09, Maui County, Hawaii",15009030709,0.7,17.7,6.7,20.8,26.1,12.1,56.5,58.2,500900,1410,51788,NA,1.902107526,4.063885355,4.034240638,2.493205453,3.261935314,-0.356674944,13.12416176
328,"Census Tract 307.10, Maui County, Hawaii",15009030710,3.1,17.9,6,16.5,27.8,9.7,60.9,74.8,576000,2033,60547,NA,1.791759469,4.314817885,4.109233175,2.272125886,3.325036021,1.131402111,13.26386294
329,"Census Tract 308, Maui County, Hawaii",15009030800,0.3,21.8,6.1,32.7,17.2,9.5,6.1,1.00E-05,489200,1485,92500,NA,1.808288771,-11.51292546,1.808288771,2.251291799,2.844909384,-1.203972804,13.10052668
330,"Census Tract 309.01, Maui County, Hawaii",15009030901,0.2,16.2,19.5,29.3,12.8,2.2,8.1,1.5,402200,818,35610,NA,2.970414466,0.405465108,2.091864062,0.78845736,2.549445171,-1.609437912,12.90470476
331,"Census Tract 309.02, Maui County, Hawaii",15009030902,4.8,24.3,8.5,29.9,12.4,9.2,6.1,2.1,325300,1391,64125,NA,2.140066163,0.741937345,1.808288771,2.219203484,2.517696473,1.568615918,12.69250311
332,"Census Tract 309.03, Maui County, Hawaii",15009030903,4,22.1,5.4,39.7,12.6,4.6,3.3,5.8,432300,1253,81220,NA,1.686398954,1.757857918,1.193922468,1.526056303,2.533696814,1.386294361,12.97687507
333,"Census Tract 310, Maui County, Hawaii",15009031000,2.8,21.7,4.4,25.3,18.1,14.1,9.8,5.5,520800,1055,76231,NA,1.481604541,1.704748092,2.282382386,2.646174797,2.895911938,1.029619417,13.16312137
334,"Census Tract 311.01, Maui County, Hawaii",15009031101,7.6,21,8.8,37.7,10.6,6.2,6.8,1.00E-05,481800,1087,67938,NA,2.174751721,-11.51292546,1.916922612,1.824549292,2.360854001,2.028148247,13.08528437
335,"Census Tract 311.02, Maui County, Hawaii",15009031102,4.3,22.3,4.6,44.2,7.5,5.3,13.1,17.5,489900,994,65690,NA,1.526056303,2.862200881,2.57261223,1.667706821,2.014903021,1.458615023,13.10195657
336,"Census Tract 311.03, Maui County, Hawaii",15009031103,4.5,21.2,8.5,37.3,18,4,3.3,1.00E-05,502200,1157,86094,NA,2.140066163,-11.51292546,1.193922468,1.386294361,2.890371758,1.504077397,13.12675373
337,"Census Tract 314.02, Maui County, Hawaii",15009031402,0.6,13.6,4.8,35.8,18.5,2.7,16.1,11.7,553300,1473,79130,NA,1.568615918,2.459588842,2.778819272,0.993251773,2.917770732,-0.510825624,13.22365563
338,"Census Tract 314.04, Maui County, Hawaii",15009031404,0.6,14.1,5.1,40.4,17.7,5.8,26,13.2,588500,1313,64189,NA,1.62924054,2.58021683,3.258096538,1.757857918,2.87356464,-0.510825624,13.28533221
339,"Census Tract 314.05, Maui County, Hawaii",15009031405,5.2,17.5,4.6,39.9,15.7,2.8,5.3,6.3,536900,1255,70428,NA,1.526056303,1.840549633,1.667706821,1.029619417,2.753660712,1.648658626,13.19356714
340,"Census Tract 315.01, Maui County, Hawaii",15009031501,3.1,15.7,3.5,33.3,15.9,3.6,56.7,63.8,511700,1731,70000,NA,1.252762968,4.15575319,4.037774211,1.280933845,2.766319109,1.131402111,13.14549379
341,"Census Tract 315.02, Maui County, Hawaii",15009031502,2.8,14.5,2.3,24.1,27.5,6.7,37.5,39.2,410500,1627,65724,NA,0.832909123,3.668676747,3.624340933,1.902107526,3.314186005,1.029619417,12.92513121
342,"Census Tract 315.03, Maui County, Hawaii",15009031503,4.7,14,3.2,22.9,24.4,9.2,59.1,60.6,1035100,1353,46467,NA,1.16315081,4.104294893,4.079230924,2.219203484,3.194583132,1.547562509,13.8500086
343,"Census Tract 316.01, Maui County, Hawaii",15009031601,1.3,9.4,5.6,36.6,17.4,5.5,18.3,8.5,373100,1015,51156,NA,1.722766598,2.140066163,2.90690106,1.704748092,2.856470206,0.262364264,12.82960176
344,"Census Tract 317, Maui County, Hawaii",15009031700,0.6,10.5,4.5,38.3,11.7,5.2,24.9,21.3,297900,747,40634,NA,1.504077397,3.058707073,3.214867803,1.648658626,2.459588842,-0.510825624,12.60451314
345,"Census Tract 318.01, Maui County, Hawaii",15009031801,1.3,17.5,11.6,37.7,11,10.6,39.7,28.2,216800,851,37260,NA,2.451005098,3.339321978,3.681351188,2.360854001,2.397895273,0.262364264,12.28673055
346,"Census Tract 319, Maui County, Hawaii",15009031900,4.7,18.1,6.1,35.5,10.6,4.1,11.2,8.9,516400,1478,60850,NA,1.808288771,2.186051277,2.415913778,1.410986974,2.360854001,1.547562509,13.15463694
347,"Census Tract 320, Maui County, Hawaii",15009032000,0.4,21.3,2.1,15.9,31.2,17.6,52,56.8,681400,1470,83281,NA,0.741937345,4.039536326,3.951243719,2.867898902,3.440418095,-0.916290732,13.43190478
348,"Census Tract 9800, Maui County, Hawaii",15009980000,NA,NA,NA,NA,NA,NA,NA,NA,NA,NA,NA,NA,NA,NA,NA,NA,NA,NA,NA
349,"Census Tract 9900, Maui County, Hawaii",15009990000,NA,NA,NA,NA,NA,NA,NA,NA,NA,NA,NA,NA,NA,NA,NA,NA,NA,NA,NA
350,"Census Tract 9902, Maui County, Hawaii",15009990200,NA,NA,NA,NA,NA,NA,NA,NA,NA,NA,NA,NA,NA,NA,NA,NA,NA,NA,NA
351,"Census Tract 9912, Maui County, Hawaii",15009991200,NA,NA,NA,NA,NA,NA,NA,NA,NA,NA,NA,NA,NA,NA,NA,NA,NA,NA,NA